accuracy,precision,recall,f1_score,mse
0.9829059829059829,0.9831460674157303,0.9831460674157303,0.9831460674157303,0.012380106590100621
